Unnamed: 0,Age,Sex,Job,Housing,Saving accounts,Checking account,Credit amount,Duration,Purpose,customer_id,timestamp
0,67,male,2,own,,little,1169,6,radio/TV,1,2025-09-01 15:34:04.913123
1,22,female,2,own,little,moderate,5951,48,radio/TV,2,2025-09-01 15:34:04.913123
2,49,male,1,own,little,,2096,12,education,3,2025-09-01 15:34:04.913123
3,45,male,2,free,little,little,7882,42,furniture/equipment,4,2025-09-01 15:34:04.913123
4,53,male,2,free,little,little,4870,24,car,5,2025-09-01 15:34:04.913123
5,35,male,1,free,,,9055,36,education,6,2025-09-01 15:34:04.913123
6,53,male,2,own,quite rich,,2835,24,furniture/equipment,7,2025-09-01 15:34:04.913123
7,35,male,3,rent,little,moderate,6948,36,car,8,2025-09-01 15:34:04.913123
8,61,male,1,own,rich,,3059,12,radio/TV,9,2025-09-01 15:34:04.913123
9,28,male,3,own,little,moderate,5234,30,car,10,2025-09-01 15:34:04.913123
10,25,female,2,rent,little,moderate,1295,12,car,11,2025-09-01 15:34:04.913123
11,24,female,2,rent,little,little,4308,48,business,12,2025-09-01 15:34:04.913123
12,22,female,2,own,little,moderate,1567,12,radio/TV,13,2025-09-01 15:34:04.913123
13,60,male,1,own,little,little,1199,24,car,14,2025-09-01 15:34:04.913123
14,28,female,2,rent,little,little,1403,15,car,15,2025-09-01 15:34:04.913123
15,32,female,1,own,moderate,little,1282,24,radio/TV,16,2025-09-01 15:34:04.913123
16,53,male,2,own,,,2424,24,radio/TV,17,2025-09-01 15:34:04.913123
17,25,male,2,own,,little,8072,30,business,18,2025-09-01 15:34:04.913123
18,44,female,3,free,little,moderate,12579,24,car,19,2025-09-01 15:34:04.913123
19,31,male,2,own,quite rich,,3430,24,radio/TV,20,2025-09-01 15:34:04.913123
20,48,male,2,own,little,,2134,9,car,21,2025-09-01 15:34:04.913123
21,44,male,2,rent,quite rich,little,2647,6,radio/TV,22,2025-09-01 15:34:04.913123
22,48,male,1,rent,little,little,2241,10,car,23,2025-09-01 15:34:04.913123
23,44,male,2,own,moderate,moderate,1804,12,car,24,2025-09-01 15:34:04.913123
24,26,male,2,own,,,2069,10,furniture/equipment,25,2025-09-01 15:34:04.913123
25,36,male,1,own,little,little,1374,6,furniture/equipment,26,2025-09-01 15:34:04.913123
26,39,male,1,own,little,,426,6,radio/TV,27,2025-09-01 15:34:04.913123
27,42,female,2,rent,rich,rich,409,12,radio/TV,28,2025-09-01 15:34:04.913123
28,34,male,2,own,little,moderate,2415,7,radio/TV,29,2025-09-01 15:34:04.913123
29,63,male,2,own,little,little,6836,60,business,30,2025-09-01 15:34:04.913123
30,36,male,2,own,rich,moderate,1913,18,business,31,2025-09-01 15:34:04.913123
31,27,male,2,own,little,little,4020,24,furniture/equipment,32,2025-09-01 15:34:04.913123
32,30,male,2,own,moderate,moderate,5866,18,car,33,2025-09-01 15:34:04.913123
33,57,male,1,rent,,,1264,12,business,34,2025-09-01 15:34:04.913123
34,33,female,3,own,little,rich,1474,12,furniture/equipment,35,2025-09-01 15:34:04.913123
35,25,male,1,own,little,moderate,4746,45,radio/TV,36,2025-09-01 15:34:04.913123
36,31,male,2,free,little,,6110,48,education,37,2025-09-01 15:34:04.913123
37,37,male,2,own,little,rich,2100,18,radio/TV,38,2025-09-01 15:34:04.913123
38,37,male,2,own,little,rich,1225,10,domestic appliances,39,2025-09-01 15:34:04.913123
39,24,male,2,own,little,moderate,458,9,radio/TV,40,2025-09-01 15:34:04.913123
40,30,male,3,own,quite rich,,2333,30,radio/TV,41,2025-09-01 15:34:04.913123
41,26,male,2,own,quite rich,moderate,1158,12,radio/TV,42,2025-09-01 15:34:04.913123
42,44,male,1,own,little,moderate,6204,18,repairs,43,2025-09-01 15:34:04.913123
43,24,male,2,rent,moderate,little,6187,30,car,44,2025-09-01 15:34:04.913123
44,58,female,1,free,little,little,6143,48,car,45,2025-09-01 15:34:04.913123
45,35,female,3,own,little,,1393,11,car,46,2025-09-01 15:34:04.913123
46,39,male,2,own,quite rich,,2299,36,radio/TV,47,2025-09-01 15:34:04.913123
47,23,female,0,rent,quite rich,little,1352,6,car,48,2025-09-01 15:34:04.913123
48,39,male,1,own,little,,7228,11,car,49,2025-09-01 15:34:04.913123
49,28,female,2,own,moderate,,2073,12,radio/TV,50,2025-09-01 15:34:04.913123
50,29,male,1,own,,moderate,2333,24,furniture/equipment,51,2025-09-01 15:34:04.913123
51,30,male,3,own,little,moderate,5965,27,car,52,2025-09-01 15:34:04.913123
52,25,male,2,own,little,,1262,12,radio/TV,53,2025-09-01 15:34:04.913123
53,31,male,2,own,,,3378,18,car,54,2025-09-01 15:34:04.913123
54,57,male,2,free,little,moderate,2225,36,car,55,2025-09-01 15:34:04.913123
55,26,male,1,own,,,783,6,car,56,2025-09-01 15:34:04.913123
56,52,male,3,own,,moderate,6468,12,radio/TV,57,2025-09-01 15:34:04.913123
57,31,female,2,own,little,,9566,36,radio/TV,58,2025-09-01 15:34:04.913123
58,23,female,3,own,little,rich,1961,18,car,59,2025-09-01 15:34:04.913123
59,23,female,1,rent,little,little,6229,36,furniture/equipment,60,2025-09-01 15:34:04.913123
60,27,male,2,own,little,moderate,1391,9,business,61,2025-09-01 15:34:04.913123
61,50,male,2,own,,moderate,1537,15,radio/TV,62,2025-09-01 15:34:04.913123
62,61,male,3,free,little,moderate,1953,36,business,63,2025-09-01 15:34:04.913123
63,25,male,2,own,little,moderate,14421,48,business,64,2025-09-01 15:34:04.913123
64,26,female,2,own,little,,3181,24,radio/TV,65,2025-09-01 15:34:04.913123
65,48,male,2,own,,,5190,27,repairs,66,2025-09-01 15:34:04.913123
66,29,female,2,own,little,,2171,12,radio/TV,67,2025-09-01 15:34:04.913123
67,22,male,2,own,rich,moderate,1007,12,car,68,2025-09-01 15:34:04.913123
68,37,male,2,free,little,,1819,36,education,69,2025-09-01 15:34:04.913123
69,25,female,2,own,,,2394,36,radio/TV,70,2025-09-01 15:34:04.913123
70,30,female,2,own,little,,8133,36,car,71,2025-09-01 15:34:04.913123
71,46,male,1,rent,,,730,7,radio/TV,72,2025-09-01 15:34:04.913123
72,51,male,3,free,little,little,1164,8,vacation/others,73,2025-09-01 15:34:04.913123
73,41,female,1,own,little,moderate,5954,42,business,74,2025-09-01 15:34:04.913123
74,40,male,3,own,,little,1977,36,education,75,2025-09-01 15:34:04.913123
75,66,male,3,free,little,little,1526,12,car,76,2025-09-01 15:34:04.913123
76,34,male,2,own,little,little,3965,42,radio/TV,77,2025-09-01 15:34:04.913123
77,51,male,2,own,little,moderate,4771,11,radio/TV,78,2025-09-01 15:34:04.913123
78,39,male,1,own,,,9436,54,car,79,2025-09-01 15:34:04.913123
79,22,male,2,own,little,moderate,3832,30,furniture/equipment,80,2025-09-01 15:34:04.913123
80,44,female,2,own,,,5943,24,radio/TV,81,2025-09-01 15:34:04.913123
81,47,male,2,own,quite rich,,1213,15,radio/TV,82,2025-09-01 15:34:04.913123
82,24,female,1,rent,moderate,,1568,18,business,83,2025-09-01 15:34:04.913123
83,58,female,1,own,little,little,1755,24,vacation/others,84,2025-09-01 15:34:04.913123
84,52,male,1,own,little,little,2315,10,radio/TV,85,2025-09-01 15:34:04.913123
85,29,female,3,own,little,,1412,12,business,86,2025-09-01 15:34:04.913123
86,27,female,2,own,little,moderate,1295,18,furniture/equipment,87,2025-09-01 15:34:04.913123
87,47,male,2,free,moderate,moderate,12612,36,education,88,2025-09-01 15:34:04.913123
88,30,male,3,own,moderate,little,2249,18,car,89,2025-09-01 15:34:04.913123
89,28,male,2,own,little,little,1108,12,repairs,90,2025-09-01 15:34:04.913123
90,56,male,2,own,little,,618,12,radio/TV,91,2025-09-01 15:34:04.913123
91,54,male,2,own,little,little,1409,12,car,92,2025-09-01 15:34:04.913123
92,33,female,1,own,,,797,12,radio/TV,93,2025-09-01 15:34:04.913123
93,20,male,2,rent,,rich,3617,24,furniture/equipment,94,2025-09-01 15:34:04.913123
94,54,male,2,own,rich,moderate,1318,12,car,95,2025-09-01 15:34:04.913123
95,58,male,2,rent,little,moderate,15945,54,business,96,2025-09-01 15:34:04.913123
96,61,female,2,own,,,2012,12,education,97,2025-09-01 15:34:04.913123
97,34,male,2,own,moderate,moderate,2622,18,business,98,2025-09-01 15:34:04.913123
98,36,male,2,own,little,moderate,2337,36,radio/TV,99,2025-09-01 15:34:04.913123
99,36,male,3,rent,,moderate,7057,20,car,100,2025-09-01 15:34:04.913123
100,41,male,1,rent,moderate,,1469,24,car,101,2025-09-01 15:34:04.913123
101,24,male,2,rent,little,moderate,2323,36,radio/TV,102,2025-09-01 15:34:04.913123
102,24,female,2,own,little,,932,6,radio/TV,103,2025-09-01 15:34:04.913123
103,35,male,2,rent,little,moderate,1919,9,furniture/equipment,104,2025-09-01 15:34:04.913123
104,26,male,2,rent,,,2445,12,car,105,2025-09-01 15:34:04.913123
105,39,male,3,own,little,moderate,11938,24,vacation/others,106,2025-09-01 15:34:04.913123
106,39,male,3,own,little,,6458,18,car,107,2025-09-01 15:34:04.913123
107,32,male,2,own,little,moderate,6078,12,car,108,2025-09-01 15:34:04.913123
108,30,female,2,own,,little,7721,24,furniture/equipment,109,2025-09-01 15:34:04.913123
109,35,male,2,own,quite rich,moderate,1410,14,business,110,2025-09-01 15:34:04.913123
110,31,male,2,own,moderate,moderate,1449,6,business,111,2025-09-01 15:34:04.913123
111,23,female,2,rent,little,rich,392,15,education,112,2025-09-01 15:34:04.913123
112,28,male,1,rent,little,moderate,6260,18,car,113,2025-09-01 15:34:04.913123
113,25,female,2,own,little,,7855,36,car,114,2025-09-01 15:34:04.913123
114,35,male,2,own,quite rich,little,1680,12,radio/TV,115,2025-09-01 15:34:04.913123
115,47,male,2,own,,,3578,48,radio/TV,116,2025-09-01 15:34:04.913123
116,30,female,3,own,,little,7174,42,radio/TV,117,2025-09-01 15:34:04.913123
117,27,female,2,rent,,little,2132,10,furniture/equipment,118,2025-09-01 15:34:04.913123
118,23,female,2,own,quite rich,little,4281,33,furniture/equipment,119,2025-09-01 15:34:04.913123
119,36,male,3,own,quite rich,moderate,2366,12,car,120,2025-09-01 15:34:04.913123
120,25,female,2,own,little,little,1835,21,radio/TV,121,2025-09-01 15:34:04.913123
121,41,female,3,rent,little,,3868,24,car,122,2025-09-01 15:34:04.913123
122,24,male,1,rent,little,,1768,12,furniture/equipment,123,2025-09-01 15:34:04.913123
123,63,male,2,free,little,rich,781,10,car,124,2025-09-01 15:34:04.913123
124,27,female,2,rent,,moderate,1924,18,furniture/equipment,125,2025-09-01 15:34:04.913123
125,30,male,2,own,little,little,2121,12,car,126,2025-09-01 15:34:04.913123
126,40,male,1,own,little,little,701,12,radio/TV,127,2025-09-01 15:34:04.913123
127,30,male,2,own,little,moderate,639,12,repairs,128,2025-09-01 15:34:04.913123
128,34,male,3,own,little,moderate,1860,12,car,129,2025-09-01 15:34:04.913123
129,29,female,2,own,little,little,3499,12,car,130,2025-09-01 15:34:04.913123
130,24,female,2,own,,moderate,8487,48,car,131,2025-09-01 15:34:04.913123
131,29,male,2,own,little,little,6887,36,education,132,2025-09-01 15:34:04.913123
132,27,male,1,own,little,,2708,15,furniture/equipment,133,2025-09-01 15:34:04.913123
133,47,male,2,free,little,,1984,18,furniture/equipment,134,2025-09-01 15:34:04.913123
134,21,female,2,own,moderate,,10144,60,radio/TV,135,2025-09-01 15:34:04.913123
135,38,female,2,own,,,1240,12,radio/TV,136,2025-09-01 15:34:04.913123
136,27,male,2,own,rich,,8613,27,car,137,2025-09-01 15:34:04.913123
137,66,male,1,own,quite rich,moderate,766,12,radio/TV,138,2025-09-01 15:34:04.913123
138,35,male,2,own,,moderate,2728,15,radio/TV,139,2025-09-01 15:34:04.913123
139,44,female,1,rent,little,rich,1881,12,radio/TV,140,2025-09-01 15:34:04.913123
140,27,male,0,own,rich,rich,709,6,car,141,2025-09-01 15:34:04.913123
141,30,female,3,own,little,moderate,4795,36,radio/TV,142,2025-09-01 15:34:04.913123
142,27,male,3,own,little,little,3416,27,radio/TV,143,2025-09-01 15:34:04.913123
143,22,male,2,own,little,little,2462,18,furniture/equipment,144,2025-09-01 15:34:04.913123
144,23,female,2,own,little,,2288,21,furniture/equipment,145,2025-09-01 15:34:04.913123
145,30,male,2,own,moderate,moderate,3566,48,business,146,2025-09-01 15:34:04.913123
146,39,female,2,own,little,little,860,6,car,147,2025-09-01 15:34:04.913123
147,51,female,2,own,moderate,,682,12,car,148,2025-09-01 15:34:04.913123
148,28,male,2,own,little,little,5371,36,furniture/equipment,149,2025-09-01 15:34:04.913123
149,46,male,2,own,rich,,1582,18,radio/TV,150,2025-09-01 15:34:04.913123
150,42,male,2,free,moderate,,1346,6,radio/TV,151,2025-09-01 15:34:04.913123
151,38,male,2,own,little,,1924,10,radio/TV,152,2025-09-01 15:34:04.913123
152,24,male,2,own,little,rich,5848,36,radio/TV,153,2025-09-01 15:34:04.913123
153,29,female,2,rent,rich,moderate,7758,24,car,154,2025-09-01 15:34:04.913123
154,36,male,3,rent,moderate,moderate,6967,24,business,155,2025-09-01 15:34:04.913123
155,20,female,2,rent,little,little,1282,12,furniture/equipment,156,2025-09-01 15:34:04.913123
156,48,male,2,own,moderate,little,1288,9,repairs,157,2025-09-01 15:34:04.913123
157,45,male,1,own,little,little,339,12,education,158,2025-09-01 15:34:04.913123
158,38,male,2,own,moderate,moderate,3512,24,car,159,2025-09-01 15:34:04.913123
159,34,male,1,own,,,1898,6,radio/TV,160,2025-09-01 15:34:04.913123
160,36,male,2,own,moderate,,2872,24,radio/TV,161,2025-09-01 15:34:04.913123
161,30,female,2,own,little,,1055,18,car,162,2025-09-01 15:34:04.913123
162,36,male,2,own,quite rich,,1262,15,domestic appliances,163,2025-09-01 15:34:04.913123
163,70,male,3,free,little,moderate,7308,10,car,164,2025-09-01 15:34:04.913123
164,36,male,2,own,quite rich,,909,36,car,165,2025-09-01 15:34:04.913123
165,32,male,2,own,quite rich,,2978,6,furniture/equipment,166,2025-09-01 15:34:04.913123
166,33,female,2,own,little,little,1131,18,furniture/equipment,167,2025-09-01 15:34:04.913123
167,20,female,2,own,rich,moderate,1577,11,furniture/equipment,168,2025-09-01 15:34:04.913123
168,25,female,2,rent,little,,3972,24,furniture/equipment,169,2025-09-01 15:34:04.913123
169,31,male,2,own,little,moderate,1935,24,business,170,2025-09-01 15:34:04.913123
170,33,male,2,rent,little,little,950,15,car,171,2025-09-01 15:34:04.913123
171,26,female,2,own,little,,763,12,furniture/equipment,172,2025-09-01 15:34:04.913123
172,34,female,3,own,little,moderate,2064,24,furniture/equipment,173,2025-09-01 15:34:04.913123
173,33,male,2,own,little,moderate,1414,8,radio/TV,174,2025-09-01 15:34:04.913123
174,26,male,2,own,little,little,3414,21,education,175,2025-09-01 15:34:04.913123
175,53,female,3,own,,,7485,30,car,176,2025-09-01 15:34:04.913123
176,42,male,2,own,little,little,2577,12,furniture/equipment,177,2025-09-01 15:34:04.913123
177,52,male,2,own,quite rich,little,338,6,radio/TV,178,2025-09-01 15:34:04.913123
178,31,male,3,rent,little,,1963,12,radio/TV,179,2025-09-01 15:34:04.913123
179,65,male,2,own,little,little,571,21,car,180,2025-09-01 15:34:04.913123
180,28,male,2,own,little,,9572,36,business,181,2025-09-01 15:34:04.913123
181,30,male,3,own,little,moderate,4455,36,business,182,2025-09-01 15:34:04.913123
182,40,male,1,own,,little,1647,21,car,183,2025-09-01 15:34:04.913123
183,50,male,2,own,rich,,3777,24,furniture/equipment,184,2025-09-01 15:34:04.913123
184,36,male,2,own,little,moderate,884,18,car,185,2025-09-01 15:34:04.913123
185,31,male,2,own,little,,1360,15,radio/TV,186,2025-09-01 15:34:04.913123
186,74,female,3,free,little,moderate,5129,9,car,187,2025-09-01 15:34:04.913123
187,68,male,0,free,little,moderate,1175,16,car,188,2025-09-01 15:34:04.913123
188,20,male,2,own,moderate,little,674,12,radio/TV,189,2025-09-01 15:34:04.913123
189,33,female,2,own,little,moderate,3244,18,furniture/equipment,190,2025-09-01 15:34:04.913123
190,54,male,3,own,rich,,4591,24,business,191,2025-09-01 15:34:04.913123
191,34,male,1,free,moderate,moderate,3844,48,business,192,2025-09-01 15:34:04.913123
192,36,male,2,own,little,moderate,3915,27,business,193,2025-09-01 15:34:04.913123
193,29,male,2,rent,little,,2108,6,radio/TV,194,2025-09-01 15:34:04.913123
194,21,male,2,rent,moderate,moderate,3031,45,radio/TV,195,2025-09-01 15:34:04.913123
195,34,female,3,own,little,moderate,1501,9,education,196,2025-09-01 15:34:04.913123
196,28,female,2,own,little,,1382,6,radio/TV,197,2025-09-01 15:34:04.913123
197,27,female,2,rent,moderate,moderate,951,12,furniture/equipment,198,2025-09-01 15:34:04.913123
198,36,male,2,free,,moderate,2760,24,car,199,2025-09-01 15:34:04.913123
199,40,male,3,own,little,moderate,4297,18,furniture/equipment,200,2025-09-01 15:34:04.913123
200,52,male,2,own,quite rich,,936,9,education,201,2025-09-01 15:34:04.913123
201,27,male,1,own,little,little,1168,12,car,202,2025-09-01 15:34:04.913123
202,26,male,2,own,little,,5117,27,business,203,2025-09-01 15:34:04.913123
203,21,male,2,rent,little,little,902,12,education,204,2025-09-01 15:34:04.913123
204,38,male,1,own,little,,1495,12,car,205,2025-09-01 15:34:04.913123
205,38,male,3,free,little,little,10623,30,car,206,2025-09-01 15:34:04.913123
206,43,male,2,own,little,,1935,12,furniture/equipment,207,2025-09-01 15:34:04.913123
207,26,male,2,own,little,moderate,1424,12,domestic appliances,208,2025-09-01 15:34:04.913123
208,21,male,1,own,little,little,6568,24,business,209,2025-09-01 15:34:04.913123
209,55,male,2,own,rich,,1413,12,car,210,2025-09-01 15:34:04.913123
210,33,male,2,own,,,3074,9,radio/TV,211,2025-09-01 15:34:04.913123
211,45,female,1,own,,,3835,36,radio/TV,212,2025-09-01 15:34:04.913123
212,50,male,2,own,little,little,5293,27,business,213,2025-09-01 15:34:04.913123
213,66,male,3,own,little,rich,1908,30,business,214,2025-09-01 15:34:04.913123
214,51,male,2,own,,,3342,36,radio/TV,215,2025-09-01 15:34:04.913123
215,39,female,1,own,,moderate,932,6,education,216,2025-09-01 15:34:04.913123
216,31,male,2,own,little,little,3104,18,business,217,2025-09-01 15:34:04.913123
217,23,male,2,own,little,rich,3913,36,radio/TV,218,2025-09-01 15:34:04.913123
218,24,male,1,rent,little,little,3021,24,furniture/equipment,219,2025-09-01 15:34:04.913123
219,64,female,2,own,little,,1364,10,car,220,2025-09-01 15:34:04.913123
220,26,male,1,own,little,moderate,625,12,radio/TV,221,2025-09-01 15:34:04.913123
221,23,female,2,rent,,little,1200,12,education,222,2025-09-01 15:34:04.913123
222,30,male,2,own,little,,707,12,radio/TV,223,2025-09-01 15:34:04.913123
223,32,male,2,own,,,2978,24,business,224,2025-09-01 15:34:04.913123
224,30,male,2,own,little,,4657,15,car,225,2025-09-01 15:34:04.913123
225,27,male,2,own,little,,2613,36,repairs,226,2025-09-01 15:34:04.913123
226,27,male,2,own,rich,moderate,10961,48,radio/TV,227,2025-09-01 15:34:04.913123
227,53,male,3,free,little,little,7865,12,furniture/equipment,228,2025-09-01 15:34:04.913123
228,22,male,2,own,little,,1478,9,radio/TV,229,2025-09-01 15:34:04.913123
229,22,male,2,free,little,little,3149,24,furniture/equipment,230,2025-09-01 15:34:04.913123
230,26,male,2,own,little,rich,4210,36,radio/TV,231,2025-09-01 15:34:04.913123
231,51,male,1,free,quite rich,,2507,9,car,232,2025-09-01 15:34:04.913123
232,35,male,2,own,moderate,,2141,12,radio/TV,233,2025-09-01 15:34:04.913123
233,25,male,1,own,little,moderate,866,18,radio/TV,234,2025-09-01 15:34:04.913123
234,42,male,1,own,little,,1544,4,radio/TV,235,2025-09-01 15:34:04.913123
235,30,male,3,own,little,little,1823,24,radio/TV,236,2025-09-01 15:34:04.913123
236,23,male,0,own,,moderate,14555,6,car,237,2025-09-01 15:34:04.913123
237,61,male,1,rent,moderate,moderate,2767,21,business,238,2025-09-01 15:34:04.913123
238,35,female,2,own,little,,1291,12,radio/TV,239,2025-09-01 15:34:04.913123
239,39,male,2,own,little,little,2522,30,radio/TV,240,2025-09-01 15:34:04.913123
240,29,female,2,own,,little,915,24,car,241,2025-09-01 15:34:04.913123
241,51,male,2,own,little,,1595,6,radio/TV,242,2025-09-01 15:34:04.913123
242,24,male,2,free,little,little,4605,48,car,243,2025-09-01 15:34:04.913123
243,27,female,2,own,little,,1185,12,business,244,2025-09-01 15:34:04.913123
244,35,female,1,own,quite rich,,3447,12,education,245,2025-09-01 15:34:04.913123
245,25,male,2,own,little,,1258,24,business,246,2025-09-01 15:34:04.913123
246,52,male,2,own,little,,717,12,radio/TV,247,2025-09-01 15:34:04.913123
247,35,male,2,rent,moderate,,1204,6,car,248,2025-09-01 15:34:04.913123
248,26,male,2,own,little,rich,1925,24,furniture/equipment,249,2025-09-01 15:34:04.913123
249,22,female,2,rent,little,,433,18,radio/TV,250,2025-09-01 15:34:04.913123
250,39,female,1,own,rich,little,666,6,car,251,2025-09-01 15:34:04.913123
251,46,female,1,own,little,rich,2251,12,furniture/equipment,252,2025-09-01 15:34:04.913123
252,24,female,2,own,little,moderate,2150,30,car,253,2025-09-01 15:34:04.913123
253,35,male,2,own,moderate,,4151,24,furniture/equipment,254,2025-09-01 15:34:04.913123
254,24,male,2,own,,moderate,2030,9,furniture/equipment,255,2025-09-01 15:34:04.913123
255,27,male,1,own,,moderate,7418,60,radio/TV,256,2025-09-01 15:34:04.913123
256,35,male,1,own,little,,2684,24,radio/TV,257,2025-09-01 15:34:04.913123
257,29,male,2,free,little,little,2149,12,radio/TV,258,2025-09-01 15:34:04.913123
258,23,female,2,own,moderate,,3812,15,car,259,2025-09-01 15:34:04.913123
259,57,female,1,own,moderate,,1154,11,radio/TV,260,2025-09-01 15:34:04.913123
260,27,male,2,own,little,little,1657,12,furniture/equipment,261,2025-09-01 15:34:04.913123
261,55,female,2,own,little,little,1603,24,radio/TV,262,2025-09-01 15:34:04.913123
262,36,male,3,free,little,little,5302,18,car,263,2025-09-01 15:34:04.913123
263,57,female,1,free,little,,2748,12,education,264,2025-09-01 15:34:04.913123
264,32,male,1,own,little,,1231,10,car,265,2025-09-01 15:34:04.913123
265,37,male,2,own,little,moderate,802,15,radio/TV,266,2025-09-01 15:34:04.913123
266,36,male,2,own,,,6304,36,business,267,2025-09-01 15:34:04.913123
267,38,female,2,own,little,,1533,24,radio/TV,268,2025-09-01 15:34:04.913123
268,45,male,3,own,little,little,8978,14,car,269,2025-09-01 15:34:04.913123
269,25,male,2,own,,,999,24,radio/TV,270,2025-09-01 15:34:04.913123
270,32,male,2,own,,,2662,18,car,271,2025-09-01 15:34:04.913123
271,37,female,2,rent,quite rich,,1402,12,furniture/equipment,272,2025-09-01 15:34:04.913123
272,36,male,3,free,,moderate,12169,48,car,273,2025-09-01 15:34:04.913123
273,28,male,2,own,little,moderate,3060,48,radio/TV,274,2025-09-01 15:34:04.913123
274,34,male,1,own,little,little,11998,30,repairs,275,2025-09-01 15:34:04.913123
275,32,male,2,own,little,,2697,9,radio/TV,276,2025-09-01 15:34:04.913123
276,26,female,2,own,little,,2404,18,radio/TV,277,2025-09-01 15:34:04.913123
277,49,male,1,own,,little,1262,12,furniture/equipment,278,2025-09-01 15:34:04.913123
278,32,female,2,own,little,,4611,6,furniture/equipment,279,2025-09-01 15:34:04.913123
279,29,male,3,rent,moderate,,1901,24,radio/TV,280,2025-09-01 15:34:04.913123
280,23,male,2,rent,rich,,3368,15,car,281,2025-09-01 15:34:04.913123
281,50,male,2,own,little,,1574,12,furniture/equipment,282,2025-09-01 15:34:04.913123
282,49,male,1,own,,rich,1445,18,radio/TV,283,2025-09-01 15:34:04.913123
283,63,male,2,own,,,1520,15,furniture/equipment,284,2025-09-01 15:34:04.913123
284,37,male,2,own,moderate,moderate,3878,24,car,285,2025-09-01 15:34:04.913123
285,35,female,1,own,little,little,10722,47,car,286,2025-09-01 15:34:04.913123
286,26,male,2,own,little,little,4788,48,car,287,2025-09-01 15:34:04.913123
287,31,male,3,free,moderate,moderate,7582,48,vacation/others,288,2025-09-01 15:34:04.913123
288,49,female,2,own,little,moderate,1092,12,radio/TV,289,2025-09-01 15:34:04.913123
289,48,male,2,own,little,little,1024,24,radio/TV,290,2025-09-01 15:34:04.913123
290,26,male,2,own,little,,1076,12,business,291,2025-09-01 15:34:04.913123
291,28,male,3,rent,little,moderate,9398,36,car,292,2025-09-01 15:34:04.913123
292,44,female,3,free,little,little,6419,24,car,293,2025-09-01 15:34:04.913123
293,56,male,2,free,little,rich,4796,42,car,294,2025-09-01 15:34:04.913123
294,46,male,3,own,,,7629,48,business,295,2025-09-01 15:34:04.913123
295,26,female,2,own,little,moderate,9960,48,furniture/equipment,296,2025-09-01 15:34:04.913123
296,20,female,2,rent,,,4675,12,car,297,2025-09-01 15:34:04.913123
297,45,male,1,own,,,1287,10,car,298,2025-09-01 15:34:04.913123
298,43,male,2,own,little,,2515,18,furniture/equipment,299,2025-09-01 15:34:04.913123
299,32,male,2,own,rich,moderate,2745,21,furniture/equipment,300,2025-09-01 15:34:04.913123
300,54,female,0,own,little,,672,6,car,301,2025-09-01 15:34:04.913123
301,42,female,2,own,little,moderate,3804,36,radio/TV,302,2025-09-01 15:34:04.913123
302,37,male,1,own,,rich,1344,24,car,303,2025-09-01 15:34:04.913123
303,49,male,2,own,little,little,1038,10,car,304,2025-09-01 15:34:04.913123
304,44,male,2,free,quite rich,,10127,48,car,305,2025-09-01 15:34:04.913123
305,33,male,2,own,rich,,1543,6,furniture/equipment,306,2025-09-01 15:34:04.913123
306,24,female,1,rent,,,4811,30,car,307,2025-09-01 15:34:04.913123
307,33,male,1,own,moderate,little,727,12,radio/TV,308,2025-09-01 15:34:04.913123
308,24,female,2,own,little,moderate,1237,8,furniture/equipment,309,2025-09-01 15:34:04.913123
309,22,male,1,rent,little,moderate,276,9,car,310,2025-09-01 15:34:04.913123
310,40,male,0,free,,moderate,5381,48,vacation/others,311,2025-09-01 15:34:04.913123
311,25,male,2,own,moderate,,5511,24,furniture/equipment,312,2025-09-01 15:34:04.913123
312,26,female,2,own,little,rich,3749,24,furniture/equipment,313,2025-09-01 15:34:04.913123
313,25,male,1,own,little,moderate,685,12,car,314,2025-09-01 15:34:04.913123
314,29,male,1,own,,rich,1494,4,car,315,2025-09-01 15:34:04.913123
315,31,male,2,own,little,little,2746,36,furniture/equipment,316,2025-09-01 15:34:04.913123
316,38,male,1,own,little,little,708,12,furniture/equipment,317,2025-09-01 15:34:04.913123
317,48,female,1,own,,moderate,4351,24,furniture/equipment,318,2025-09-01 15:34:04.913123
318,32,male,2,own,little,,701,12,education,319,2025-09-01 15:34:04.913123
319,27,female,1,own,little,little,3643,15,furniture/equipment,320,2025-09-01 15:34:04.913123
320,28,male,3,own,little,moderate,4249,30,car,321,2025-09-01 15:34:04.913123
321,32,male,2,own,little,little,1938,24,radio/TV,322,2025-09-01 15:34:04.913123
322,34,male,3,free,little,little,2910,24,car,323,2025-09-01 15:34:04.913123
323,28,male,2,own,rich,little,2659,18,furniture/equipment,324,2025-09-01 15:34:04.913123
324,36,female,2,own,little,,1028,18,car,325,2025-09-01 15:34:04.913123
325,39,male,1,own,little,little,3398,8,car,326,2025-09-01 15:34:04.913123
326,49,male,2,rent,,,5801,12,furniture/equipment,327,2025-09-01 15:34:04.913123
327,34,female,2,own,rich,,1525,24,car,328,2025-09-01 15:34:04.913123
328,31,male,2,own,little,rich,4473,36,radio/TV,329,2025-09-01 15:34:04.913123
329,28,male,2,own,little,moderate,1068,6,radio/TV,330,2025-09-01 15:34:04.913123
330,75,male,3,free,little,little,6615,24,car,331,2025-09-01 15:34:04.913123
331,30,female,2,own,moderate,,1864,18,education,332,2025-09-01 15:34:04.913123
332,24,female,3,own,moderate,moderate,7408,60,car,333,2025-09-01 15:34:04.913123
333,24,female,1,rent,moderate,,11590,48,car,334,2025-09-01 15:34:04.913123
334,23,male,2,rent,little,little,4110,24,furniture/equipment,335,2025-09-01 15:34:04.913123
335,44,male,3,rent,little,little,3384,6,furniture/equipment,336,2025-09-01 15:34:04.913123
336,23,female,1,own,little,moderate,2101,13,radio/TV,337,2025-09-01 15:34:04.913123
337,24,female,2,rent,,little,1275,15,domestic appliances,338,2025-09-01 15:34:04.913123
338,28,male,2,own,little,little,4169,24,furniture/equipment,339,2025-09-01 15:34:04.913123
339,31,male,1,own,little,moderate,1521,10,furniture/equipment,340,2025-09-01 15:34:04.913123
340,24,female,2,free,little,moderate,5743,24,education,341,2025-09-01 15:34:04.913123
341,26,female,1,rent,little,little,3599,21,furniture/equipment,342,2025-09-01 15:34:04.913123
342,25,male,2,rent,quite rich,moderate,3213,18,radio/TV,343,2025-09-01 15:34:04.913123
343,33,male,3,own,little,moderate,4439,18,business,344,2025-09-01 15:34:04.913123
344,37,male,1,own,little,rich,3949,10,car,345,2025-09-01 15:34:04.913123
345,43,female,1,own,little,,1459,15,radio/TV,346,2025-09-01 15:34:04.913123
346,23,male,2,own,little,moderate,882,13,radio/TV,347,2025-09-01 15:34:04.913123
347,23,female,0,rent,quite rich,moderate,3758,24,radio/TV,348,2025-09-01 15:34:04.913123
348,34,male,1,own,moderate,,1743,6,business,349,2025-09-01 15:34:04.913123
349,32,male,2,free,rich,moderate,1136,9,education,350,2025-09-01 15:34:04.913123
350,23,female,2,rent,little,,1236,9,domestic appliances,351,2025-09-01 15:34:04.913123
351,29,female,2,own,little,moderate,959,9,furniture/equipment,352,2025-09-01 15:34:04.913123
352,38,male,3,own,,,3229,18,car,353,2025-09-01 15:34:04.913123
353,28,male,2,rent,little,little,6199,12,radio/TV,354,2025-09-01 15:34:04.913123
354,46,male,2,free,quite rich,,727,10,education,355,2025-09-01 15:34:04.913123
355,23,male,1,own,little,moderate,1246,24,car,356,2025-09-01 15:34:04.913123
356,49,male,2,own,,,2331,12,radio/TV,357,2025-09-01 15:34:04.913123
357,26,male,3,own,little,,4463,36,radio/TV,358,2025-09-01 15:34:04.913123
358,28,male,2,own,little,,776,12,radio/TV,359,2025-09-01 15:34:04.913123
359,23,female,2,rent,little,little,2406,30,furniture/equipment,360,2025-09-01 15:34:04.913123
360,61,male,2,free,,moderate,1239,18,education,361,2025-09-01 15:34:04.913123
361,37,male,3,own,,rich,3399,12,radio/TV,362,2025-09-01 15:34:04.913123
362,36,female,2,own,little,rich,2247,12,car,363,2025-09-01 15:34:04.913123
363,21,male,2,rent,little,,1766,6,furniture/equipment,364,2025-09-01 15:34:04.913123
364,25,male,0,own,little,little,2473,18,furniture/equipment,365,2025-09-01 15:34:04.913123
365,36,male,2,own,little,,1542,12,business,366,2025-09-01 15:34:04.913123
366,27,male,2,own,little,,3850,18,car,367,2025-09-01 15:34:04.913123
367,22,female,2,rent,little,little,3650,18,furniture/equipment,368,2025-09-01 15:34:04.913123
368,42,male,2,own,little,little,3446,36,furniture/equipment,369,2025-09-01 15:34:04.913123
369,40,female,2,rent,little,moderate,3001,18,furniture/equipment,370,2025-09-01 15:34:04.913123
370,36,male,2,own,,,3079,36,car,371,2025-09-01 15:34:04.913123
371,33,male,2,own,little,,6070,18,radio/TV,372,2025-09-01 15:34:04.913123
372,23,female,2,rent,little,,2146,10,furniture/equipment,373,2025-09-01 15:34:04.913123
373,63,male,3,free,,,13756,60,car,374,2025-09-01 15:34:04.913123
374,60,female,3,free,moderate,moderate,14782,60,vacation/others,375,2025-09-01 15:34:04.913123
375,37,female,2,rent,little,little,7685,48,business,376,2025-09-01 15:34:04.913123
376,34,male,2,own,little,,2320,18,radio/TV,377,2025-09-01 15:34:04.913123
377,36,male,2,free,,,846,7,radio/TV,378,2025-09-01 15:34:04.913123
378,57,male,3,free,little,moderate,14318,36,car,379,2025-09-01 15:34:04.913123
379,52,female,1,own,moderate,,362,6,car,380,2025-09-01 15:34:04.913123
380,39,male,2,own,,little,2212,20,furniture/equipment,381,2025-09-01 15:34:04.913123
381,38,female,3,free,little,moderate,12976,18,car,382,2025-09-01 15:34:04.913123
382,25,female,2,rent,,,1283,22,car,383,2025-09-01 15:34:04.913123
383,26,male,2,own,little,rich,1330,12,car,384,2025-09-01 15:34:04.913123
384,26,male,1,own,moderate,,4272,30,business,385,2025-09-01 15:34:04.913123
385,25,female,2,own,little,,2238,18,radio/TV,386,2025-09-01 15:34:04.913123
386,21,female,2,rent,,,1126,18,radio/TV,387,2025-09-01 15:34:04.913123
387,40,male,3,own,little,moderate,7374,18,furniture/equipment,388,2025-09-01 15:34:04.913123
388,27,male,2,own,quite rich,moderate,2326,15,business,389,2025-09-01 15:34:04.913123
389,27,female,2,own,little,,1449,9,business,390,2025-09-01 15:34:04.913123
390,30,male,3,own,little,,1820,18,car,391,2025-09-01 15:34:04.913123
391,19,female,1,rent,rich,moderate,983,12,furniture/equipment,392,2025-09-01 15:34:04.913123
392,39,male,3,free,little,little,3249,36,car,393,2025-09-01 15:34:04.913123
393,31,female,2,own,little,little,1957,6,radio/TV,394,2025-09-01 15:34:04.913123
394,31,male,3,own,little,,2406,9,furniture/equipment,395,2025-09-01 15:34:04.913123
395,32,male,2,rent,moderate,moderate,11760,39,education,396,2025-09-01 15:34:04.913123
396,55,female,3,free,little,little,2578,12,furniture/equipment,397,2025-09-01 15:34:04.913123
397,46,male,2,own,little,little,2348,36,furniture/equipment,398,2025-09-01 15:34:04.913123
398,46,male,2,rent,little,moderate,1223,12,car,399,2025-09-01 15:34:04.913123
399,43,female,1,own,rich,,1516,24,radio/TV,400,2025-09-01 15:34:04.913123
400,39,male,2,own,little,,1473,18,radio/TV,401,2025-09-01 15:34:04.913123
401,28,male,2,own,,moderate,1887,18,business,402,2025-09-01 15:34:04.913123
402,27,male,2,own,little,,8648,24,business,403,2025-09-01 15:34:04.913123
403,27,male,1,own,little,,802,14,car,404,2025-09-01 15:34:04.913123
404,43,male,2,own,,moderate,2899,18,car,405,2025-09-01 15:34:04.913123
405,22,male,2,own,little,moderate,2039,24,radio/TV,406,2025-09-01 15:34:04.913123
406,43,male,2,own,,,2197,24,car,407,2025-09-01 15:34:04.913123
407,27,male,2,own,little,little,1053,15,radio/TV,408,2025-09-01 15:34:04.913123
408,26,male,3,own,quite rich,,3235,24,radio/TV,409,2025-09-01 15:34:04.913123
409,28,male,2,own,quite rich,rich,939,12,car,410,2025-09-01 15:34:04.913123
410,20,female,2,own,little,moderate,1967,24,radio/TV,411,2025-09-01 15:34:04.913123
411,35,male,3,own,little,,7253,33,car,412,2025-09-01 15:34:04.913123
412,42,male,3,own,little,,2292,12,business,413,2025-09-01 15:34:04.913123
413,40,male,1,rent,quite rich,,1597,10,car,414,2025-09-01 15:34:04.913123
414,35,female,2,own,,little,1381,24,car,415,2025-09-01 15:34:04.913123
415,35,male,2,own,little,,5842,36,car,416,2025-09-01 15:34:04.913123
416,33,male,1,own,little,little,2579,12,car,417,2025-09-01 15:34:04.913123
417,23,female,2,rent,,little,8471,18,education,418,2025-09-01 15:34:04.913123
418,31,female,3,own,quite rich,,2782,21,car,419,2025-09-01 15:34:04.913123
419,33,female,2,own,,moderate,1042,18,car,420,2025-09-01 15:34:04.913123
420,20,female,2,rent,rich,,3186,15,car,421,2025-09-01 15:34:04.913123
421,30,male,2,own,,moderate,2028,12,car,422,2025-09-01 15:34:04.913123
422,47,male,1,own,little,moderate,958,12,car,423,2025-09-01 15:34:04.913123
423,34,male,3,own,moderate,,1591,21,furniture/equipment,424,2025-09-01 15:34:04.913123
424,25,female,2,own,,moderate,2762,12,furniture/equipment,425,2025-09-01 15:34:04.913123
425,21,male,2,rent,little,moderate,2779,18,car,426,2025-09-01 15:34:04.913123
426,29,male,2,own,little,,2743,28,radio/TV,427,2025-09-01 15:34:04.913123
427,46,male,2,own,rich,,1149,18,radio/TV,428,2025-09-01 15:34:04.913123
428,20,male,2,own,little,,1313,9,furniture/equipment,429,2025-09-01 15:34:04.913123
429,55,female,0,free,little,little,1190,18,repairs,430,2025-09-01 15:34:04.913123
430,74,male,1,own,little,,3448,5,business,431,2025-09-01 15:34:04.913123
431,29,male,3,own,little,moderate,11328,24,vacation/others,432,2025-09-01 15:34:04.913123
432,36,male,3,free,little,little,1872,6,furniture/equipment,433,2025-09-01 15:34:04.913123
433,33,male,2,own,little,,2058,24,repairs,434,2025-09-01 15:34:04.913123
434,25,male,2,own,little,little,2136,9,furniture/equipment,435,2025-09-01 15:34:04.913123
435,25,male,2,own,,moderate,1484,12,radio/TV,436,2025-09-01 15:34:04.913123
436,23,male,1,rent,quite rich,,660,6,repairs,437,2025-09-01 15:34:04.913123
437,37,female,2,own,rich,,1287,24,car,438,2025-09-01 15:34:04.913123
438,65,male,0,own,little,little,3394,42,repairs,439,2025-09-01 15:34:04.913123
439,26,female,0,own,little,rich,609,12,business,440,2025-09-01 15:34:04.913123
440,39,male,3,own,little,,1884,12,car,441,2025-09-01 15:34:04.913123
441,30,female,2,own,little,little,1620,12,furniture/equipment,442,2025-09-01 15:34:04.913123
442,29,male,2,own,little,moderate,2629,20,vacation/others,443,2025-09-01 15:34:04.913123
443,41,male,1,own,little,,719,12,education,444,2025-09-01 15:34:04.913123
444,30,female,3,own,little,moderate,5096,48,furniture/equipment,445,2025-09-01 15:34:04.913123
445,41,female,1,rent,,,1244,9,education,446,2025-09-01 15:34:04.913123
446,34,female,2,own,little,little,1842,36,car,447,2025-09-01 15:34:04.913123
447,35,male,2,own,little,moderate,2576,7,radio/TV,448,2025-09-01 15:34:04.913123
448,55,female,3,own,,rich,1424,12,furniture/equipment,449,2025-09-01 15:34:04.913123
449,61,male,2,own,rich,moderate,1512,15,repairs,450,2025-09-01 15:34:04.913123
450,30,male,3,own,,,11054,36,car,451,2025-09-01 15:34:04.913123
451,29,female,2,own,little,,518,6,radio/TV,452,2025-09-01 15:34:04.913123
452,34,male,2,own,little,,2759,12,furniture/equipment,453,2025-09-01 15:34:04.913123
453,35,male,3,own,little,,2670,24,car,454,2025-09-01 15:34:04.913123
454,31,male,2,own,little,little,4817,24,car,455,2025-09-01 15:34:04.913123
455,29,female,3,own,little,,2679,24,car,456,2025-09-01 15:34:04.913123
456,36,male,2,rent,little,little,3905,11,car,457,2025-09-01 15:34:04.913123
457,35,male,2,free,little,little,3386,12,car,458,2025-09-01 15:34:04.913123
458,27,female,2,own,little,little,343,6,domestic appliances,459,2025-09-01 15:34:04.913123
459,32,male,2,own,little,,4594,18,radio/TV,460,2025-09-01 15:34:04.913123
460,37,male,2,own,little,little,3620,36,furniture/equipment,461,2025-09-01 15:34:04.913123
461,36,male,2,own,little,little,1721,15,car,462,2025-09-01 15:34:04.913123
462,34,female,3,rent,little,moderate,3017,12,furniture/equipment,463,2025-09-01 15:34:04.913123
463,38,male,2,own,,moderate,754,12,education,464,2025-09-01 15:34:04.913123
464,34,male,2,own,little,,1950,18,business,465,2025-09-01 15:34:04.913123
465,63,male,2,own,little,little,2924,24,car,466,2025-09-01 15:34:04.913123
466,29,female,1,rent,little,little,1659,24,radio/TV,467,2025-09-01 15:34:04.913123
467,32,male,2,own,,,7238,48,radio/TV,468,2025-09-01 15:34:04.913123
468,26,female,2,own,little,,2764,33,business,469,2025-09-01 15:34:04.913123
469,35,male,1,own,little,,4679,24,car,470,2025-09-01 15:34:04.913123
470,22,male,2,rent,moderate,moderate,3092,24,radio/TV,471,2025-09-01 15:34:04.913123
471,23,female,2,own,little,little,448,6,education,472,2025-09-01 15:34:04.913123
472,28,male,1,own,little,little,654,9,car,473,2025-09-01 15:34:04.913123
473,36,male,3,own,,,1238,6,education,474,2025-09-01 15:34:04.913123
474,33,male,2,own,little,moderate,1245,18,radio/TV,475,2025-09-01 15:34:04.913123
475,26,female,2,rent,little,little,3114,18,furniture/equipment,476,2025-09-01 15:34:04.913123
476,24,male,2,own,quite rich,,2569,39,car,477,2025-09-01 15:34:04.913123
477,25,male,2,own,little,rich,5152,24,radio/TV,478,2025-09-01 15:34:04.913123
478,39,male,1,own,moderate,moderate,1037,12,business,479,2025-09-01 15:34:04.913123
479,44,male,2,own,little,little,1478,15,furniture/equipment,480,2025-09-01 15:34:04.913123
480,23,female,1,own,little,moderate,3573,12,radio/TV,481,2025-09-01 15:34:04.913123
481,26,male,2,own,little,moderate,1201,24,car,482,2025-09-01 15:34:04.913123
482,57,female,2,rent,rich,little,3622,30,furniture/equipment,483,2025-09-01 15:34:04.913123
483,30,female,2,own,rich,,960,15,furniture/equipment,484,2025-09-01 15:34:04.913123
484,44,male,2,own,quite rich,,1163,12,car,485,2025-09-01 15:34:04.913123
485,47,male,3,own,little,moderate,1209,6,car,486,2025-09-01 15:34:04.913123
486,52,male,2,own,little,,3077,12,radio/TV,487,2025-09-01 15:34:04.913123
487,62,female,2,free,little,,3757,24,car,488,2025-09-01 15:34:04.913123
488,35,male,1,rent,moderate,,1418,10,car,489,2025-09-01 15:34:04.913123
489,26,male,2,rent,little,,3518,6,car,490,2025-09-01 15:34:04.913123
490,26,male,2,own,little,,1934,12,radio/TV,491,2025-09-01 15:34:04.913123
491,42,female,3,free,little,moderate,8318,27,business,492,2025-09-01 15:34:04.913123
492,27,female,2,own,moderate,,1237,6,radio/TV,493,2025-09-01 15:34:04.913123
493,38,male,2,own,,moderate,368,6,radio/TV,494,2025-09-01 15:34:04.913123
494,39,male,1,rent,little,little,2122,12,car,495,2025-09-01 15:34:04.913123
495,20,male,2,own,,little,2996,24,furniture/equipment,496,2025-09-01 15:34:04.913123
496,29,male,3,rent,moderate,moderate,9034,36,furniture/equipment,497,2025-09-01 15:34:04.913123
497,40,male,2,own,little,,1585,24,furniture/equipment,498,2025-09-01 15:34:04.913123
498,32,male,1,own,little,moderate,1301,18,radio/TV,499,2025-09-01 15:34:04.913123
499,28,male,2,own,moderate,rich,1323,6,car,500,2025-09-01 15:34:04.913123
500,27,female,2,own,little,little,3123,24,car,501,2025-09-01 15:34:04.913123
501,42,male,2,free,little,little,5493,36,car,502,2025-09-01 15:34:04.913123
502,49,male,2,own,moderate,rich,1126,9,radio/TV,503,2025-09-01 15:34:04.913123
503,38,male,2,own,moderate,moderate,1216,24,radio/TV,504,2025-09-01 15:34:04.913123
504,24,female,2,rent,little,little,1207,24,car,505,2025-09-01 15:34:04.913123
505,27,male,1,own,,,1309,10,car,506,2025-09-01 15:34:04.913123
506,36,male,2,own,quite rich,rich,2360,15,car,507,2025-09-01 15:34:04.913123
507,34,male,3,own,moderate,moderate,6850,15,car,508,2025-09-01 15:34:04.913123
508,28,male,2,own,little,,1413,24,radio/TV,509,2025-09-01 15:34:04.913123
509,45,male,3,own,moderate,,8588,39,car,510,2025-09-01 15:34:04.913123
510,26,male,2,own,little,little,759,12,car,511,2025-09-01 15:34:04.913123
511,32,male,3,free,little,,4686,36,car,512,2025-09-01 15:34:04.913123
512,26,male,2,rent,little,rich,2687,15,business,513,2025-09-01 15:34:04.913123
513,20,male,2,rent,little,moderate,585,12,radio/TV,514,2025-09-01 15:34:04.913123
514,54,male,2,own,,,2255,24,car,515,2025-09-01 15:34:04.913123
515,37,female,2,own,little,little,609,6,car,516,2025-09-01 15:34:04.913123
516,40,male,1,own,little,little,1361,6,car,517,2025-09-01 15:34:04.913123
517,23,female,2,rent,little,,7127,36,furniture/equipment,518,2025-09-01 15:34:04.913123
518,43,male,2,own,moderate,little,1203,6,car,519,2025-09-01 15:34:04.913123
519,36,male,2,free,,,700,6,radio/TV,520,2025-09-01 15:34:04.913123
520,44,male,2,free,little,,5507,24,repairs,521,2025-09-01 15:34:04.913123
521,24,female,2,own,little,little,3190,18,radio/TV,522,2025-09-01 15:34:04.913123
522,53,male,2,free,little,little,7119,48,furniture/equipment,523,2025-09-01 15:34:04.913123
523,23,female,2,own,moderate,,3488,24,car,524,2025-09-01 15:34:04.913123
524,26,female,1,own,little,moderate,1113,18,radio/TV,525,2025-09-01 15:34:04.913123
525,30,male,2,own,little,moderate,7966,26,car,526,2025-09-01 15:34:04.913123
526,31,female,2,own,moderate,,1532,15,education,527,2025-09-01 15:34:04.913123
527,42,male,1,own,little,,1503,4,radio/TV,528,2025-09-01 15:34:04.913123
528,31,male,2,rent,little,little,2302,36,radio/TV,529,2025-09-01 15:34:04.913123
529,41,male,1,own,little,little,662,6,car,530,2025-09-01 15:34:04.913123
530,32,male,2,own,little,moderate,2273,36,education,531,2025-09-01 15:34:04.913123
531,28,female,2,rent,moderate,moderate,2631,15,car,532,2025-09-01 15:34:04.913123
532,41,male,2,rent,little,,1503,12,car,533,2025-09-01 15:34:04.913123
533,26,male,2,own,moderate,,1311,24,radio/TV,534,2025-09-01 15:34:04.913123
534,25,male,2,own,,,3105,24,radio/TV,535,2025-09-01 15:34:04.913123
535,33,male,2,rent,little,rich,2319,21,education,536,2025-09-01 15:34:04.913123
536,75,female,3,own,,little,1374,6,car,537,2025-09-01 15:34:04.913123
537,37,female,2,own,little,moderate,3612,18,furniture/equipment,538,2025-09-01 15:34:04.913123
538,42,male,3,free,little,little,7763,48,car,539,2025-09-01 15:34:04.913123
539,45,female,1,own,little,rich,3049,18,furniture/equipment,540,2025-09-01 15:34:04.913123
540,23,male,2,rent,little,moderate,1534,12,radio/TV,541,2025-09-01 15:34:04.913123
541,60,male,2,free,little,,2032,24,car,542,2025-09-01 15:34:04.913123
542,31,male,2,own,,little,6350,30,furniture/equipment,543,2025-09-01 15:34:04.913123
543,34,male,1,own,little,rich,2864,18,furniture/equipment,544,2025-09-01 15:34:04.913123
544,61,male,1,own,little,,1255,12,car,545,2025-09-01 15:34:04.913123
545,43,male,2,free,little,little,1333,24,car,546,2025-09-01 15:34:04.913123
546,37,female,2,own,little,,2022,24,car,547,2025-09-01 15:34:04.913123
547,32,male,2,own,little,,1552,24,radio/TV,548,2025-09-01 15:34:04.913123
548,24,female,1,own,little,little,626,12,radio/TV,549,2025-09-01 15:34:04.913123
549,35,male,2,free,,,8858,48,car,550,2025-09-01 15:34:04.913123
550,23,female,2,own,,,996,12,repairs,551,2025-09-01 15:34:04.913123
551,45,male,1,own,quite rich,,1750,6,radio/TV,552,2025-09-01 15:34:04.913123
552,34,male,2,own,little,little,6999,48,radio/TV,553,2025-09-01 15:34:04.913123
553,27,male,2,own,moderate,moderate,1995,12,car,554,2025-09-01 15:34:04.913123
554,67,female,3,own,little,moderate,1199,9,education,555,2025-09-01 15:34:04.913123
555,22,male,2,own,little,moderate,1331,12,radio/TV,556,2025-09-01 15:34:04.913123
556,28,female,2,own,moderate,moderate,2278,18,car,557,2025-09-01 15:34:04.913123
557,29,female,2,own,,,5003,21,car,558,2025-09-01 15:34:04.913123
558,27,male,2,own,little,little,3552,24,furniture/equipment,559,2025-09-01 15:34:04.913123
559,31,male,1,own,little,moderate,1928,18,furniture/equipment,560,2025-09-01 15:34:04.913123
560,49,male,2,free,,little,2964,24,car,561,2025-09-01 15:34:04.913123
561,24,male,1,rent,little,little,1546,24,radio/TV,562,2025-09-01 15:34:04.913123
562,29,female,2,own,little,rich,683,6,radio/TV,563,2025-09-01 15:34:04.913123
563,37,male,2,free,,moderate,12389,36,car,564,2025-09-01 15:34:04.913123
564,37,male,3,own,,moderate,4712,24,business,565,2025-09-01 15:34:04.913123
565,23,female,2,rent,moderate,moderate,1553,24,radio/TV,566,2025-09-01 15:34:04.913123
566,36,male,2,own,little,little,1372,12,car,567,2025-09-01 15:34:04.913123
567,34,male,2,own,rich,,2578,24,radio/TV,568,2025-09-01 15:34:04.913123
568,41,male,2,own,,moderate,3979,48,radio/TV,569,2025-09-01 15:34:04.913123
569,31,female,2,own,little,little,6758,48,radio/TV,570,2025-09-01 15:34:04.913123
570,23,female,1,rent,little,little,3234,24,furniture/equipment,571,2025-09-01 15:34:04.913123
571,38,male,2,own,little,,5954,30,radio/TV,572,2025-09-01 15:34:04.913123
572,26,female,3,rent,,,5433,24,car,573,2025-09-01 15:34:04.913123
573,22,female,1,own,little,little,806,15,business,574,2025-09-01 15:34:04.913123
574,27,male,1,own,little,moderate,1082,9,radio/TV,575,2025-09-01 15:34:04.913123
575,24,female,2,own,little,,2788,15,furniture/equipment,576,2025-09-01 15:34:04.913123
576,27,female,2,own,little,moderate,2930,12,radio/TV,577,2025-09-01 15:34:04.913123
577,33,female,2,own,,,1927,24,education,578,2025-09-01 15:34:04.913123
578,27,male,2,own,little,moderate,2820,36,car,579,2025-09-01 15:34:04.913123
579,27,male,1,own,little,,937,24,education,580,2025-09-01 15:34:04.913123
580,30,male,2,own,little,moderate,1056,18,car,581,2025-09-01 15:34:04.913123
581,49,male,1,own,little,moderate,3124,12,car,582,2025-09-01 15:34:04.913123
582,26,female,2,rent,little,,1388,9,furniture/equipment,583,2025-09-01 15:34:04.913123
583,33,male,1,rent,little,moderate,2384,36,repairs,584,2025-09-01 15:34:04.913123
584,52,female,3,free,,,2133,12,car,585,2025-09-01 15:34:04.913123
585,20,female,2,rent,little,little,2039,18,furniture/equipment,586,2025-09-01 15:34:04.913123
586,36,male,2,rent,little,little,2799,9,car,587,2025-09-01 15:34:04.913123
587,21,male,1,own,little,little,1289,12,furniture/equipment,588,2025-09-01 15:34:04.913123
588,47,male,1,own,little,little,1217,18,domestic appliances,589,2025-09-01 15:34:04.913123
589,60,male,2,own,little,little,2246,12,furniture/equipment,590,2025-09-01 15:34:04.913123
590,58,female,1,own,little,little,385,12,radio/TV,591,2025-09-01 15:34:04.913123
591,42,female,2,rent,,moderate,1965,24,car,592,2025-09-01 15:34:04.913123
592,36,female,1,own,rich,,1572,21,business,593,2025-09-01 15:34:04.913123
593,20,female,1,rent,little,moderate,2718,24,car,594,2025-09-01 15:34:04.913123
594,40,male,3,own,,little,1358,24,vacation/others,595,2025-09-01 15:34:04.913123
595,32,female,1,own,moderate,moderate,931,6,car,596,2025-09-01 15:34:04.913123
596,23,female,2,rent,little,little,1442,24,car,597,2025-09-01 15:34:04.913123
597,36,male,1,own,little,moderate,4241,24,business,598,2025-09-01 15:34:04.913123
598,31,male,2,own,little,,2775,18,car,599,2025-09-01 15:34:04.913123
599,32,male,2,free,little,,3863,24,business,600,2025-09-01 15:34:04.913123
600,45,female,2,own,little,moderate,2329,7,radio/TV,601,2025-09-01 15:34:04.913123
601,30,female,2,own,little,moderate,918,9,furniture/equipment,602,2025-09-01 15:34:04.913123
602,34,female,1,free,little,moderate,1837,24,education,603,2025-09-01 15:34:04.913123
603,28,female,3,own,little,,3349,36,furniture/equipment,604,2025-09-01 15:34:04.913123
604,23,female,2,own,little,rich,1275,10,furniture/equipment,605,2025-09-01 15:34:04.913123
605,22,male,2,own,quite rich,little,2828,24,furniture/equipment,606,2025-09-01 15:34:04.913123
606,74,male,3,own,little,,4526,24,business,607,2025-09-01 15:34:04.913123
607,50,female,2,free,moderate,moderate,2671,36,radio/TV,608,2025-09-01 15:34:04.913123
608,33,male,2,own,little,,2051,18,radio/TV,609,2025-09-01 15:34:04.913123
609,45,male,2,free,,,1300,15,car,610,2025-09-01 15:34:04.913123
610,22,female,2,own,moderate,little,741,12,domestic appliances,611,2025-09-01 15:34:04.913123
611,48,female,1,free,moderate,rich,1240,10,car,612,2025-09-01 15:34:04.913123
612,29,female,2,own,rich,little,3357,21,radio/TV,613,2025-09-01 15:34:04.913123
613,22,female,2,rent,little,little,3632,24,car,614,2025-09-01 15:34:04.913123
614,22,female,2,own,little,,1808,18,furniture/equipment,615,2025-09-01 15:34:04.913123
615,48,male,3,own,,moderate,12204,48,business,616,2025-09-01 15:34:04.913123
616,27,male,3,free,,moderate,9157,60,radio/TV,617,2025-09-01 15:34:04.913123
617,37,male,2,rent,little,little,3676,6,car,618,2025-09-01 15:34:04.913123
618,21,female,2,rent,moderate,moderate,3441,30,furniture/equipment,619,2025-09-01 15:34:04.913123
619,49,male,1,own,little,,640,12,car,620,2025-09-01 15:34:04.913123
620,27,male,2,own,little,moderate,3652,21,business,621,2025-09-01 15:34:04.913123
621,32,male,2,own,little,,1530,18,car,622,2025-09-01 15:34:04.913123
622,38,male,2,own,,,3914,48,business,623,2025-09-01 15:34:04.913123
623,22,female,2,rent,little,little,1858,12,furniture/equipment,624,2025-09-01 15:34:04.913123
624,65,male,2,free,little,little,2600,18,radio/TV,625,2025-09-01 15:34:04.913123
625,35,male,2,own,,,1979,15,radio/TV,626,2025-09-01 15:34:04.913123
626,41,male,2,own,little,rich,2116,6,furniture/equipment,627,2025-09-01 15:34:04.913123
627,29,male,2,own,moderate,moderate,1437,9,car,628,2025-09-01 15:34:04.913123
628,36,male,2,own,quite rich,,4042,42,furniture/equipment,629,2025-09-01 15:34:04.913123
629,64,male,1,own,,,3832,9,education,630,2025-09-01 15:34:04.913123
630,28,female,2,own,little,little,3660,24,radio/TV,631,2025-09-01 15:34:04.913123
631,44,male,2,own,little,little,1553,18,furniture/equipment,632,2025-09-01 15:34:04.913123
632,23,male,2,own,,moderate,1444,15,radio/TV,633,2025-09-01 15:34:04.913123
633,19,female,2,rent,little,,1980,9,furniture/equipment,634,2025-09-01 15:34:04.913123
634,25,female,1,own,little,moderate,1355,24,car,635,2025-09-01 15:34:04.913123
635,47,male,2,own,little,,1393,12,education,636,2025-09-01 15:34:04.913123
636,28,female,2,own,quite rich,,1376,24,radio/TV,637,2025-09-01 15:34:04.913123
637,21,male,2,own,little,,15653,60,radio/TV,638,2025-09-01 15:34:04.913123
638,34,female,2,own,little,,1493,12,radio/TV,639,2025-09-01 15:34:04.913123
639,26,male,2,own,little,little,4370,42,radio/TV,640,2025-09-01 15:34:04.913123
640,27,female,0,own,little,little,750,18,education,641,2025-09-01 15:34:04.913123
641,38,male,1,own,little,moderate,1308,15,repairs,642,2025-09-01 15:34:04.913123
642,40,male,3,own,moderate,,4623,15,education,643,2025-09-01 15:34:04.913123
643,33,male,2,own,little,,1851,24,radio/TV,644,2025-09-01 15:34:04.913123
644,32,male,3,own,little,little,1880,18,radio/TV,645,2025-09-01 15:34:04.913123
645,27,male,2,rent,,,7980,36,business,646,2025-09-01 15:34:04.913123
646,32,male,2,own,little,little,4583,30,furniture/equipment,647,2025-09-01 15:34:04.913123
647,26,female,2,own,quite rich,,1386,12,car,648,2025-09-01 15:34:04.913123
648,38,male,2,free,little,rich,947,24,car,649,2025-09-01 15:34:04.913123
649,40,male,1,rent,little,little,684,12,education,650,2025-09-01 15:34:04.913123
650,50,male,3,free,little,little,7476,48,education,651,2025-09-01 15:34:04.913123
651,37,male,1,own,little,moderate,1922,12,furniture/equipment,652,2025-09-01 15:34:04.913123
652,45,male,2,own,little,little,2303,24,car,653,2025-09-01 15:34:04.913123
653,42,male,3,own,moderate,moderate,8086,36,car,654,2025-09-01 15:34:04.913123
654,35,male,2,own,little,,2346,24,car,655,2025-09-01 15:34:04.913123
655,22,male,2,free,little,little,3973,14,car,656,2025-09-01 15:34:04.913123
656,41,male,1,own,little,moderate,888,12,car,657,2025-09-01 15:34:04.913123
657,37,male,2,own,,,10222,48,radio/TV,658,2025-09-01 15:34:04.913123
658,28,female,2,own,little,moderate,4221,30,business,659,2025-09-01 15:34:04.913123
659,41,male,2,own,little,moderate,6361,18,furniture/equipment,660,2025-09-01 15:34:04.913123
660,23,male,2,rent,little,rich,1297,12,radio/TV,661,2025-09-01 15:34:04.913123
661,23,male,2,own,,little,900,12,car,662,2025-09-01 15:34:04.913123
662,50,male,2,own,little,,2241,21,furniture/equipment,663,2025-09-01 15:34:04.913123
663,35,male,3,own,little,moderate,1050,6,furniture/equipment,664,2025-09-01 15:34:04.913123
664,50,female,1,own,little,rich,1047,6,education,665,2025-09-01 15:34:04.913123
665,27,male,3,own,little,,6314,24,vacation/others,666,2025-09-01 15:34:04.913123
666,34,male,2,own,rich,moderate,3496,30,furniture/equipment,667,2025-09-01 15:34:04.913123
667,27,female,2,own,little,,3609,48,business,668,2025-09-01 15:34:04.913123
668,43,male,2,rent,little,little,4843,12,car,669,2025-09-01 15:34:04.913123
669,47,male,2,own,little,rich,3017,30,radio/TV,670,2025-09-01 15:34:04.913123
670,27,male,1,own,moderate,,4139,24,business,671,2025-09-01 15:34:04.913123
671,31,male,2,own,moderate,,5742,36,business,672,2025-09-01 15:34:04.913123
672,42,male,3,own,little,,10366,60,car,673,2025-09-01 15:34:04.913123
673,24,male,2,own,quite rich,,2080,6,car,674,2025-09-01 15:34:04.913123
674,41,male,1,own,quite rich,,2580,21,business,675,2025-09-01 15:34:04.913123
675,26,female,3,rent,little,,4530,30,radio/TV,676,2025-09-01 15:34:04.913123
676,33,male,2,own,little,,5150,24,furniture/equipment,677,2025-09-01 15:34:04.913123
677,24,male,2,own,moderate,moderate,5595,72,radio/TV,678,2025-09-01 15:34:04.913123
678,64,male,1,rent,little,little,2384,24,radio/TV,679,2025-09-01 15:34:04.913123
679,26,female,2,own,little,,1453,18,radio/TV,680,2025-09-01 15:34:04.913123
680,56,female,2,own,little,,1538,6,education,681,2025-09-01 15:34:04.913123
681,37,male,2,free,,,2279,12,radio/TV,682,2025-09-01 15:34:04.913123
682,33,male,2,own,little,,1478,15,radio/TV,683,2025-09-01 15:34:04.913123
683,47,male,2,free,little,,5103,24,radio/TV,684,2025-09-01 15:34:04.913123
684,31,male,1,own,moderate,moderate,9857,36,business,685,2025-09-01 15:34:04.913123
685,34,male,2,free,,,6527,60,car,686,2025-09-01 15:34:04.913123
686,27,male,2,own,,rich,1347,10,radio/TV,687,2025-09-01 15:34:04.913123
687,30,male,2,free,moderate,moderate,2862,36,car,688,2025-09-01 15:34:04.913123
688,35,male,2,own,moderate,,2753,9,radio/TV,689,2025-09-01 15:34:04.913123
689,31,male,2,own,rich,little,3651,12,car,690,2025-09-01 15:34:04.913123
690,25,male,2,own,little,little,975,15,furniture/equipment,691,2025-09-01 15:34:04.913123
691,25,female,1,own,moderate,moderate,2631,15,repairs,692,2025-09-01 15:34:04.913123
692,29,male,2,own,moderate,moderate,2896,24,radio/TV,693,2025-09-01 15:34:04.913123
693,44,male,1,own,,little,4716,6,car,694,2025-09-01 15:34:04.913123
694,28,male,2,own,little,,2284,24,radio/TV,695,2025-09-01 15:34:04.913123
695,50,male,2,rent,quite rich,,1236,6,car,696,2025-09-01 15:34:04.913123
696,29,male,2,own,little,moderate,1103,12,radio/TV,697,2025-09-01 15:34:04.913123
697,38,female,0,own,little,,926,12,car,698,2025-09-01 15:34:04.913123
698,24,male,2,own,little,,1800,18,radio/TV,699,2025-09-01 15:34:04.913123
699,40,male,3,rent,little,rich,1905,15,education,700,2025-09-01 15:34:04.913123
700,29,female,1,rent,quite rich,,1123,12,furniture/equipment,701,2025-09-01 15:34:04.913123
701,46,male,2,free,little,little,6331,48,car,702,2025-09-01 15:34:04.913123
702,47,female,2,free,moderate,rich,1377,24,radio/TV,703,2025-09-01 15:34:04.913123
703,41,male,2,own,moderate,moderate,2503,30,business,704,2025-09-01 15:34:04.913123
704,32,female,2,own,little,moderate,2528,27,business,705,2025-09-01 15:34:04.913123
705,35,female,2,free,quite rich,,5324,15,car,706,2025-09-01 15:34:04.913123
706,24,male,2,own,moderate,moderate,6560,48,car,707,2025-09-01 15:34:04.913123
707,25,female,2,rent,little,moderate,2969,12,furniture/equipment,708,2025-09-01 15:34:04.913123
708,25,female,2,own,little,moderate,1206,9,radio/TV,709,2025-09-01 15:34:04.913123
709,37,male,1,own,little,moderate,2118,9,radio/TV,710,2025-09-01 15:34:04.913123
710,32,male,3,own,quite rich,,629,18,radio/TV,711,2025-09-01 15:34:04.913123
711,35,female,2,free,little,little,1198,6,education,712,2025-09-01 15:34:04.913123
712,46,male,3,own,,,2476,21,car,713,2025-09-01 15:34:04.913123
713,25,male,1,own,little,little,1138,9,radio/TV,714,2025-09-01 15:34:04.913123
714,27,male,3,own,little,moderate,14027,60,car,715,2025-09-01 15:34:04.913123
715,63,male,2,own,,,7596,30,car,716,2025-09-01 15:34:04.913123
716,40,male,2,own,,,3077,30,radio/TV,717,2025-09-01 15:34:04.913123
717,32,male,3,free,little,,1505,18,radio/TV,718,2025-09-01 15:34:04.913123
718,31,male,2,own,,rich,3148,24,radio/TV,719,2025-09-01 15:34:04.913123
719,31,male,2,own,moderate,moderate,6148,20,car,720,2025-09-01 15:34:04.913123
720,34,male,3,own,little,rich,1337,9,radio/TV,721,2025-09-01 15:34:04.913123
721,24,female,2,rent,rich,moderate,433,6,education,722,2025-09-01 15:34:04.913123
722,24,female,1,own,little,little,1228,12,car,723,2025-09-01 15:34:04.913123
723,66,female,1,own,quite rich,moderate,790,9,radio/TV,724,2025-09-01 15:34:04.913123
724,21,female,2,rent,little,,2570,27,car,725,2025-09-01 15:34:04.913123
725,41,female,1,own,rich,,250,6,car,726,2025-09-01 15:34:04.913123
726,47,male,1,own,quite rich,,1316,15,radio/TV,727,2025-09-01 15:34:04.913123
727,25,female,2,rent,little,little,1882,18,radio/TV,728,2025-09-01 15:34:04.913123
728,59,female,2,rent,little,moderate,6416,48,business,729,2025-09-01 15:34:04.913123
729,36,male,2,own,rich,rich,1275,24,business,730,2025-09-01 15:34:04.913123
730,33,male,2,own,little,moderate,6403,24,radio/TV,731,2025-09-01 15:34:04.913123
731,21,male,1,rent,little,little,1987,24,radio/TV,732,2025-09-01 15:34:04.913123
732,44,female,1,own,little,moderate,760,8,radio/TV,733,2025-09-01 15:34:04.913123
733,28,female,2,rent,rich,,2603,24,car,734,2025-09-01 15:34:04.913123
734,37,female,2,own,little,,3380,4,car,735,2025-09-01 15:34:04.913123
735,29,female,0,own,,moderate,3990,36,domestic appliances,736,2025-09-01 15:34:04.913123
736,23,female,3,rent,little,moderate,11560,24,car,737,2025-09-01 15:34:04.913123
737,35,male,1,own,moderate,little,4380,18,car,738,2025-09-01 15:34:04.913123
738,45,male,3,own,little,,6761,6,car,739,2025-09-01 15:34:04.913123
739,26,female,1,rent,moderate,moderate,4280,30,business,740,2025-09-01 15:34:04.913123
740,32,male,2,own,moderate,little,2325,24,car,741,2025-09-01 15:34:04.913123
741,23,male,1,own,little,moderate,1048,10,radio/TV,742,2025-09-01 15:34:04.913123
742,41,male,2,own,,,3160,21,radio/TV,743,2025-09-01 15:34:04.913123
743,22,male,2,own,quite rich,little,2483,24,furniture/equipment,744,2025-09-01 15:34:04.913123
744,30,male,3,own,,little,14179,39,furniture/equipment,745,2025-09-01 15:34:04.913123
745,28,male,1,own,little,little,1797,13,business,746,2025-09-01 15:34:04.913123
746,23,female,2,rent,little,little,2511,15,car,747,2025-09-01 15:34:04.913123
747,37,female,1,own,little,little,1274,12,car,748,2025-09-01 15:34:04.913123
748,26,male,2,own,,,5248,21,car,749,2025-09-01 15:34:04.913123
749,33,male,2,own,little,,3029,15,car,750,2025-09-01 15:34:04.913123
750,49,female,2,own,little,little,428,6,furniture/equipment,751,2025-09-01 15:34:04.913123
751,23,female,1,own,little,little,976,18,car,752,2025-09-01 15:34:04.913123
752,23,female,1,rent,moderate,moderate,841,12,business,753,2025-09-01 15:34:04.913123
753,25,female,2,own,little,,5771,30,radio/TV,754,2025-09-01 15:34:04.913123
754,55,male,2,free,rich,,1555,12,repairs,755,2025-09-01 15:34:04.913123
755,32,female,2,rent,,little,1285,24,car,756,2025-09-01 15:34:04.913123
756,74,male,0,own,little,rich,1299,6,car,757,2025-09-01 15:34:04.913123
757,39,male,2,free,,rich,1271,15,radio/TV,758,2025-09-01 15:34:04.913123
758,31,male,2,own,little,,1393,24,car,759,2025-09-01 15:34:04.913123
759,35,male,2,own,little,little,691,12,car,760,2025-09-01 15:34:04.913123
760,59,female,2,own,,,5045,15,car,761,2025-09-01 15:34:04.913123
761,24,female,2,rent,little,little,2124,18,furniture/equipment,762,2025-09-01 15:34:04.913123
762,24,male,1,own,little,little,2214,12,radio/TV,763,2025-09-01 15:34:04.913123
763,30,male,3,free,,,12680,21,car,764,2025-09-01 15:34:04.913123
764,27,male,2,own,moderate,,2463,24,car,765,2025-09-01 15:34:04.913123
765,40,male,1,own,little,moderate,1155,12,radio/TV,766,2025-09-01 15:34:04.913123
766,31,male,1,own,little,little,3108,30,furniture/equipment,767,2025-09-01 15:34:04.913123
767,31,female,2,rent,,,2901,10,car,768,2025-09-01 15:34:04.913123
768,28,male,2,rent,little,moderate,3617,12,furniture/equipment,769,2025-09-01 15:34:04.913123
769,63,male,1,own,little,,1655,12,radio/TV,770,2025-09-01 15:34:04.913123
770,26,female,2,rent,,little,2812,24,car,771,2025-09-01 15:34:04.913123
771,25,female,3,own,little,little,8065,36,education,772,2025-09-01 15:34:04.913123
772,36,male,3,own,little,,3275,21,car,773,2025-09-01 15:34:04.913123
773,52,male,2,own,moderate,,2223,24,radio/TV,774,2025-09-01 15:34:04.913123
774,66,male,0,free,quite rich,rich,1480,12,car,775,2025-09-01 15:34:04.913123
775,25,female,2,rent,,little,1371,24,car,776,2025-09-01 15:34:04.913123
776,37,male,2,own,little,,3535,36,car,777,2025-09-01 15:34:04.913123
777,25,female,2,own,little,little,3509,18,radio/TV,778,2025-09-01 15:34:04.913123
778,38,male,3,own,rich,,5711,36,car,779,2025-09-01 15:34:04.913123
779,67,female,2,own,little,moderate,3872,18,repairs,780,2025-09-01 15:34:04.913123
780,25,male,2,own,little,moderate,4933,39,radio/TV,781,2025-09-01 15:34:04.913123
781,60,male,2,own,rich,,1940,24,car,782,2025-09-01 15:34:04.913123
782,31,male,1,own,little,moderate,1410,12,education,783,2025-09-01 15:34:04.913123
783,23,female,1,own,moderate,moderate,836,12,car,784,2025-09-01 15:34:04.913123
784,60,male,3,own,,moderate,6468,20,car,785,2025-09-01 15:34:04.913123
785,35,male,1,own,rich,moderate,1941,18,business,786,2025-09-01 15:34:04.913123
786,40,male,2,own,quite rich,,2675,22,radio/TV,787,2025-09-01 15:34:04.913123
787,38,male,2,own,,,2751,48,car,788,2025-09-01 15:34:04.913123
788,50,male,2,free,little,moderate,6224,48,education,789,2025-09-01 15:34:04.913123
789,27,male,2,own,little,little,5998,40,education,790,2025-09-01 15:34:04.913123
790,39,female,2,own,little,moderate,1188,21,business,791,2025-09-01 15:34:04.913123
791,41,male,3,own,,,6313,24,car,792,2025-09-01 15:34:04.913123
792,27,male,2,own,,,1221,6,furniture/equipment,793,2025-09-01 15:34:04.913123
793,51,male,2,free,little,rich,2892,24,furniture/equipment,794,2025-09-01 15:34:04.913123
794,32,male,2,rent,quite rich,,3062,24,furniture/equipment,795,2025-09-01 15:34:04.913123
795,22,female,2,rent,moderate,,2301,9,furniture/equipment,796,2025-09-01 15:34:04.913123
796,51,male,2,free,,little,7511,18,car,797,2025-09-01 15:34:04.913123
797,22,female,1,rent,little,,1258,12,furniture/equipment,798,2025-09-01 15:34:04.913123
798,54,male,2,own,,,717,24,car,799,2025-09-01 15:34:04.913123
799,35,male,0,own,,moderate,1549,9,car,800,2025-09-01 15:34:04.913123
800,54,male,2,free,little,,1597,24,education,801,2025-09-01 15:34:04.913123
801,48,female,1,rent,little,moderate,1795,18,radio/TV,802,2025-09-01 15:34:04.913123
802,24,female,2,own,little,little,4272,20,furniture/equipment,803,2025-09-01 15:34:04.913123
803,35,male,2,own,,,976,12,radio/TV,804,2025-09-01 15:34:04.913123
804,24,female,0,rent,,moderate,7472,12,car,805,2025-09-01 15:34:04.913123
805,24,male,2,own,little,little,9271,36,car,806,2025-09-01 15:34:04.913123
806,26,male,1,own,little,moderate,590,6,radio/TV,807,2025-09-01 15:34:04.913123
807,65,male,2,own,,,930,12,radio/TV,808,2025-09-01 15:34:04.913123
808,55,male,3,free,little,moderate,9283,42,car,809,2025-09-01 15:34:04.913123
809,26,female,0,rent,little,moderate,1778,15,car,810,2025-09-01 15:34:04.913123
810,26,male,2,own,little,moderate,907,8,business,811,2025-09-01 15:34:04.913123
811,28,male,1,own,little,moderate,484,6,radio/TV,812,2025-09-01 15:34:04.913123
812,24,male,2,own,little,little,9629,36,car,813,2025-09-01 15:34:04.913123
813,54,male,2,own,little,little,3051,48,domestic appliances,814,2025-09-01 15:34:04.913123
814,46,male,2,free,little,little,3931,48,car,815,2025-09-01 15:34:04.913123
815,54,female,2,rent,little,moderate,7432,36,car,816,2025-09-01 15:34:04.913123
816,62,male,2,own,quite rich,,1338,6,domestic appliances,817,2025-09-01 15:34:04.913123
817,24,female,2,rent,little,,1554,6,radio/TV,818,2025-09-01 15:34:04.913123
818,43,male,3,own,little,little,15857,36,vacation/others,819,2025-09-01 15:34:04.913123
819,26,male,2,own,little,little,1345,18,radio/TV,820,2025-09-01 15:34:04.913123
820,27,male,2,own,little,,1101,12,car,821,2025-09-01 15:34:04.913123
821,24,male,2,own,little,rich,3016,12,radio/TV,822,2025-09-01 15:34:04.913123
822,41,male,2,own,little,little,2712,36,furniture/equipment,823,2025-09-01 15:34:04.913123
823,47,male,1,own,little,little,731,8,car,824,2025-09-01 15:34:04.913123
824,35,male,3,own,little,,3780,18,furniture/equipment,825,2025-09-01 15:34:04.913123
825,30,male,2,own,little,little,1602,21,car,826,2025-09-01 15:34:04.913123
826,33,female,2,rent,little,little,3966,18,car,827,2025-09-01 15:34:04.913123
827,36,male,2,own,little,,4165,18,business,828,2025-09-01 15:34:04.913123
828,47,male,2,free,,little,8335,36,car,829,2025-09-01 15:34:04.913123
829,38,male,2,free,,moderate,6681,48,business,830,2025-09-01 15:34:04.913123
830,44,male,2,own,quite rich,,2375,24,business,831,2025-09-01 15:34:04.913123
831,23,female,2,rent,little,little,1216,18,car,832,2025-09-01 15:34:04.913123
832,29,male,2,rent,little,little,11816,45,business,833,2025-09-01 15:34:04.913123
833,42,female,2,own,,moderate,5084,24,radio/TV,834,2025-09-01 15:34:04.913123
834,25,female,1,own,little,rich,2327,15,radio/TV,835,2025-09-01 15:34:04.913123
835,48,male,2,own,little,little,1082,12,car,836,2025-09-01 15:34:04.913123
836,21,female,2,own,,,886,12,radio/TV,837,2025-09-01 15:34:04.913123
837,23,female,1,rent,little,,601,4,furniture/equipment,838,2025-09-01 15:34:04.913123
838,63,male,2,own,little,little,2957,24,car,839,2025-09-01 15:34:04.913123
839,46,male,2,own,little,,2611,24,radio/TV,840,2025-09-01 15:34:04.913123
840,29,male,2,own,little,little,5179,36,furniture/equipment,841,2025-09-01 15:34:04.913123
841,28,male,1,own,little,,2993,21,car,842,2025-09-01 15:34:04.913123
842,23,female,2,own,little,,1943,18,repairs,843,2025-09-01 15:34:04.913123
843,50,male,2,own,little,,1559,24,business,844,2025-09-01 15:34:04.913123
844,47,male,2,own,little,,3422,18,furniture/equipment,845,2025-09-01 15:34:04.913123
845,35,male,2,own,,moderate,3976,21,furniture/equipment,846,2025-09-01 15:34:04.913123
846,68,male,2,rent,,,6761,18,car,847,2025-09-01 15:34:04.913123
847,28,male,2,own,little,,1249,24,car,848,2025-09-01 15:34:04.913123
848,59,male,2,own,little,little,1364,9,radio/TV,849,2025-09-01 15:34:04.913123
849,57,male,1,own,little,little,709,12,radio/TV,850,2025-09-01 15:34:04.913123
850,33,male,2,rent,little,little,2235,20,car,851,2025-09-01 15:34:04.913123
851,43,male,2,own,,,4042,24,car,852,2025-09-01 15:34:04.913123
852,35,male,2,free,little,,1471,15,radio/TV,853,2025-09-01 15:34:04.913123
853,32,male,1,free,little,little,1442,18,car,854,2025-09-01 15:34:04.913123
854,45,male,2,own,little,,10875,36,car,855,2025-09-01 15:34:04.913123
855,33,male,2,own,moderate,,1474,24,car,856,2025-09-01 15:34:04.913123
856,40,female,2,own,,,894,10,education,857,2025-09-01 15:34:04.913123
857,28,male,2,free,little,,3343,15,furniture/equipment,858,2025-09-01 15:34:04.913123
858,29,female,2,own,little,little,3959,15,car,859,2025-09-01 15:34:04.913123
859,26,male,2,rent,moderate,,3577,9,car,860,2025-09-01 15:34:04.913123
860,27,male,2,own,rich,,5804,24,car,861,2025-09-01 15:34:04.913123
861,28,male,2,own,little,,2169,18,business,862,2025-09-01 15:34:04.913123
862,35,female,2,own,little,little,2439,24,radio/TV,863,2025-09-01 15:34:04.913123
863,32,male,1,own,rich,,4526,27,furniture/equipment,864,2025-09-01 15:34:04.913123
864,25,male,1,rent,little,,2210,10,furniture/equipment,865,2025-09-01 15:34:04.913123
865,20,female,2,rent,quite rich,,2221,15,furniture/equipment,866,2025-09-01 15:34:04.913123
866,27,female,2,own,little,little,2389,18,radio/TV,867,2025-09-01 15:34:04.913123
867,42,male,2,own,little,,3331,12,furniture/equipment,868,2025-09-01 15:34:04.913123
868,37,male,2,own,,,7409,36,business,869,2025-09-01 15:34:04.913123
869,24,female,2,rent,little,little,652,12,furniture/equipment,870,2025-09-01 15:34:04.913123
870,40,female,2,own,quite rich,,7678,36,furniture/equipment,871,2025-09-01 15:34:04.913123
871,46,male,2,own,little,rich,1343,6,car,872,2025-09-01 15:34:04.913123
872,26,male,2,own,moderate,little,1382,24,business,873,2025-09-01 15:34:04.913123
873,24,female,2,own,,,874,15,domestic appliances,874,2025-09-01 15:34:04.913123
874,29,male,1,own,little,little,3590,12,furniture/equipment,875,2025-09-01 15:34:04.913123
875,40,female,2,own,rich,moderate,1322,11,car,876,2025-09-01 15:34:04.913123
876,36,male,3,free,little,little,1940,18,radio/TV,877,2025-09-01 15:34:04.913123
877,28,male,2,own,little,,3595,36,radio/TV,878,2025-09-01 15:34:04.913123
878,27,male,3,free,little,little,1422,9,car,879,2025-09-01 15:34:04.913123
879,36,male,2,own,,,6742,30,radio/TV,880,2025-09-01 15:34:04.913123
880,38,male,3,own,little,,7814,24,car,881,2025-09-01 15:34:04.913123
881,48,male,2,free,,,9277,24,car,882,2025-09-01 15:34:04.913123
882,36,male,2,own,,moderate,2181,30,car,883,2025-09-01 15:34:04.913123
883,65,female,0,own,little,,1098,18,radio/TV,884,2025-09-01 15:34:04.913123
884,43,male,2,own,little,moderate,4057,24,furniture/equipment,885,2025-09-01 15:34:04.913123
885,53,female,2,own,little,little,795,12,education,886,2025-09-01 15:34:04.913123
886,34,male,2,own,,moderate,2825,24,business,887,2025-09-01 15:34:04.913123
887,23,male,2,own,little,moderate,15672,48,business,888,2025-09-01 15:34:04.913123
888,34,male,3,own,little,,6614,36,car,889,2025-09-01 15:34:04.913123
889,40,male,2,rent,,,7824,28,car,890,2025-09-01 15:34:04.913123
890,43,male,3,own,little,little,2442,27,business,891,2025-09-01 15:34:04.913123
891,46,male,2,own,little,,1829,15,radio/TV,892,2025-09-01 15:34:04.913123
892,38,male,1,own,little,little,2171,12,car,893,2025-09-01 15:34:04.913123
893,34,male,2,own,little,moderate,5800,36,car,894,2025-09-01 15:34:04.913123
894,29,male,2,own,,,1169,18,radio/TV,895,2025-09-01 15:34:04.913123
895,31,male,3,own,,,8947,36,car,896,2025-09-01 15:34:04.913123
896,28,female,3,rent,little,little,2606,21,radio/TV,897,2025-09-01 15:34:04.913123
897,35,female,2,own,rich,,1592,12,furniture/equipment,898,2025-09-01 15:34:04.913123
898,33,female,1,rent,,,2186,15,furniture/equipment,899,2025-09-01 15:34:04.913123
899,42,male,2,own,little,little,4153,18,furniture/equipment,900,2025-09-01 15:34:04.913123
900,43,male,2,rent,little,little,2625,16,car,901,2025-09-01 15:34:04.913123
901,44,male,2,own,,,3485,20,car,902,2025-09-01 15:34:04.913123
902,42,male,2,free,,,10477,36,car,903,2025-09-01 15:34:04.913123
903,40,male,2,rent,,,1386,15,radio/TV,904,2025-09-01 15:34:04.913123
904,36,male,3,own,little,,1278,24,radio/TV,905,2025-09-01 15:34:04.913123
905,20,male,3,rent,little,little,1107,12,radio/TV,906,2025-09-01 15:34:04.913123
906,24,male,1,own,,little,3763,21,car,907,2025-09-01 15:34:04.913123
907,27,male,2,own,,moderate,3711,36,education,908,2025-09-01 15:34:04.913123
908,46,female,1,own,little,,3594,15,car,909,2025-09-01 15:34:04.913123
909,33,female,1,own,,moderate,3195,9,car,910,2025-09-01 15:34:04.913123
910,34,female,2,own,little,,4454,36,radio/TV,911,2025-09-01 15:34:04.913123
911,25,female,1,own,little,moderate,4736,24,furniture/equipment,912,2025-09-01 15:34:04.913123
912,25,female,2,own,,moderate,2991,30,radio/TV,913,2025-09-01 15:34:04.913123
913,28,male,2,own,rich,,2142,11,business,914,2025-09-01 15:34:04.913123
914,31,male,2,rent,little,little,3161,24,business,915,2025-09-01 15:34:04.913123
915,32,female,3,own,little,moderate,18424,48,vacation/others,916,2025-09-01 15:34:04.913123
916,32,male,2,own,moderate,,2848,10,car,917,2025-09-01 15:34:04.913123
917,68,male,3,own,little,little,14896,6,car,918,2025-09-01 15:34:04.913123
918,33,male,2,own,moderate,little,2359,24,furniture/equipment,919,2025-09-01 15:34:04.913123
919,39,male,3,rent,little,little,3345,24,furniture/equipment,920,2025-09-01 15:34:04.913123
920,28,female,2,own,little,,1817,18,furniture/equipment,921,2025-09-01 15:34:04.913123
921,37,male,3,own,quite rich,,12749,48,radio/TV,922,2025-09-01 15:34:04.913123
922,22,female,2,rent,little,little,1366,9,radio/TV,923,2025-09-01 15:34:04.913123
923,30,male,2,rent,little,moderate,2002,12,car,924,2025-09-01 15:34:04.913123
924,55,male,2,own,little,little,6872,24,furniture/equipment,925,2025-09-01 15:34:04.913123
925,46,male,2,own,little,little,697,12,car,926,2025-09-01 15:34:04.913123
926,21,female,2,rent,little,little,1049,18,furniture/equipment,927,2025-09-01 15:34:04.913123
927,39,male,2,free,little,little,10297,48,car,928,2025-09-01 15:34:04.913123
928,58,male,2,own,,,1867,30,radio/TV,929,2025-09-01 15:34:04.913123
929,43,male,1,own,little,little,1344,12,car,930,2025-09-01 15:34:04.913123
930,24,male,1,own,little,little,1747,24,furniture/equipment,931,2025-09-01 15:34:04.913123
931,22,female,2,own,little,moderate,1670,9,radio/TV,932,2025-09-01 15:34:04.913123
932,30,male,2,own,little,,1224,9,car,933,2025-09-01 15:34:04.913123
933,42,male,2,own,quite rich,,522,12,radio/TV,934,2025-09-01 15:34:04.913123
934,23,female,2,own,little,little,1498,12,radio/TV,935,2025-09-01 15:34:04.913123
935,30,male,3,own,moderate,moderate,1919,30,radio/TV,936,2025-09-01 15:34:04.913123
936,28,female,1,own,little,rich,745,9,radio/TV,937,2025-09-01 15:34:04.913123
937,30,male,3,rent,little,moderate,2063,6,radio/TV,938,2025-09-01 15:34:04.913123
938,42,male,2,free,little,moderate,6288,60,education,939,2025-09-01 15:34:04.913123
939,46,male,3,own,,,6842,24,car,940,2025-09-01 15:34:04.913123
940,45,male,3,own,,,3527,12,car,941,2025-09-01 15:34:04.913123
941,31,male,1,own,little,,1546,10,car,942,2025-09-01 15:34:04.913123
942,31,male,2,own,,,929,24,furniture/equipment,943,2025-09-01 15:34:04.913123
943,42,male,1,own,little,,1455,4,car,944,2025-09-01 15:34:04.913123
944,46,female,2,rent,little,little,1845,15,furniture/equipment,945,2025-09-01 15:34:04.913123
945,30,female,2,own,quite rich,moderate,8358,48,car,946,2025-09-01 15:34:04.913123
946,30,male,2,free,quite rich,little,3349,24,furniture/equipment,947,2025-09-01 15:34:04.913123
947,38,male,3,own,,,2859,12,car,948,2025-09-01 15:34:04.913123
948,43,male,1,own,little,,1533,18,furniture/equipment,949,2025-09-01 15:34:04.913123
949,31,male,2,own,moderate,,3621,24,radio/TV,950,2025-09-01 15:34:04.913123
950,40,male,0,own,little,moderate,3590,18,business,951,2025-09-01 15:34:04.913123
951,24,male,2,own,little,little,2145,36,business,952,2025-09-01 15:34:04.913123
952,28,female,2,rent,quite rich,moderate,4113,24,car,953,2025-09-01 15:34:04.913123
953,26,female,3,own,little,,10974,36,furniture/equipment,954,2025-09-01 15:34:04.913123
954,29,female,2,own,little,little,1893,12,car,955,2025-09-01 15:34:04.913123
955,57,female,3,rent,rich,little,1231,24,radio/TV,956,2025-09-01 15:34:04.913123
956,49,male,1,own,,rich,3656,30,radio/TV,957,2025-09-01 15:34:04.913123
957,37,male,1,own,little,moderate,1154,9,radio/TV,958,2025-09-01 15:34:04.913123
958,45,male,1,own,little,little,4006,28,car,959,2025-09-01 15:34:04.913123
959,30,male,2,free,moderate,moderate,3069,24,furniture/equipment,960,2025-09-01 15:34:04.913123
960,30,male,2,rent,little,,1740,6,radio/TV,961,2025-09-01 15:34:04.913123
961,47,male,2,own,little,moderate,2353,21,car,962,2025-09-01 15:34:04.913123
962,29,male,2,own,,,3556,15,car,963,2025-09-01 15:34:04.913123
963,35,male,2,own,quite rich,,2397,24,radio/TV,964,2025-09-01 15:34:04.913123
964,22,male,1,own,little,moderate,454,6,repairs,965,2025-09-01 15:34:04.913123
965,26,female,2,own,,moderate,1715,30,radio/TV,966,2025-09-01 15:34:04.913123
966,23,male,1,own,quite rich,moderate,2520,27,radio/TV,967,2025-09-01 15:34:04.913123
967,54,female,3,rent,little,,3568,15,radio/TV,968,2025-09-01 15:34:04.913123
968,29,male,2,rent,,,7166,42,radio/TV,969,2025-09-01 15:34:04.913123
969,40,male,1,own,little,little,3939,11,car,970,2025-09-01 15:34:04.913123
970,22,male,2,own,moderate,moderate,1514,15,repairs,971,2025-09-01 15:34:04.913123
971,43,male,1,own,little,,7393,24,car,972,2025-09-01 15:34:04.913123
972,29,female,0,rent,little,little,1193,24,car,973,2025-09-01 15:34:04.913123
973,36,male,2,rent,little,little,7297,60,business,974,2025-09-01 15:34:04.913123
974,33,female,2,own,little,,2831,30,radio/TV,975,2025-09-01 15:34:04.913123
975,57,female,1,own,quite rich,rich,1258,24,radio/TV,976,2025-09-01 15:34:04.913123
976,64,female,2,own,little,moderate,753,6,radio/TV,977,2025-09-01 15:34:04.913123
977,42,male,2,own,,moderate,2427,18,business,978,2025-09-01 15:34:04.913123
978,47,male,1,own,little,,2538,24,car,979,2025-09-01 15:34:04.913123
979,25,male,2,rent,moderate,moderate,1264,15,car,980,2025-09-01 15:34:04.913123
980,49,male,2,own,little,moderate,8386,30,furniture/equipment,981,2025-09-01 15:34:04.913123
981,33,male,3,rent,little,,4844,48,business,982,2025-09-01 15:34:04.913123
982,28,female,3,own,moderate,rich,2923,21,car,983,2025-09-01 15:34:04.913123
983,26,male,2,own,little,little,8229,36,car,984,2025-09-01 15:34:04.913123
984,30,male,1,own,little,,2028,24,furniture/equipment,985,2025-09-01 15:34:04.913123
985,25,female,2,rent,little,little,1433,15,furniture/equipment,986,2025-09-01 15:34:04.913123
986,33,male,2,own,little,rich,6289,42,business,987,2025-09-01 15:34:04.913123
987,64,female,2,own,moderate,,1409,13,radio/TV,988,2025-09-01 15:34:04.913123
988,29,male,3,free,little,little,6579,24,car,989,2025-09-01 15:34:04.913123
989,48,male,1,own,little,moderate,1743,24,radio/TV,990,2025-09-01 15:34:04.913123
990,37,male,1,own,,,3565,12,education,991,2025-09-01 15:34:04.913123
991,34,male,1,own,moderate,,1569,15,radio/TV,992,2025-09-01 15:34:04.913123
992,23,male,1,rent,,little,1936,18,radio/TV,993,2025-09-01 15:34:04.913123
993,30,male,3,own,little,little,3959,36,furniture/equipment,994,2025-09-01 15:34:04.913123
994,50,male,2,own,,,2390,12,car,995,2025-09-01 15:34:04.913123
995,31,female,1,own,little,,1736,12,furniture/equipment,996,2025-09-01 15:34:04.913123
996,40,male,3,own,little,little,3857,30,car,997,2025-09-01 15:34:04.913123
997,38,male,2,own,little,,804,12,radio/TV,998,2025-09-01 15:34:04.913123
998,23,male,2,free,little,little,1845,45,radio/TV,999,2025-09-01 15:34:04.913123
999,27,male,2,own,moderate,moderate,4576,45,car,1000,2025-09-01 15:34:04.913123
